netID,score
even_cut_even_choose,18.156
even_cut_pack_choose,16.343999999999994
mmir,21.752000000000002
pack_cut_pack_choose,14.228000000000002
stupid,24.776
stupid2,24.744
